<?xml version="1.0" encoding="UTF-8"?>
<Defs>

	<!-- natural -->

	<ThingDef ParentName="AnimalNaturalHeartBase">
		<defName>AnimalNaturalHeartLarge</defName>
		<label>animal heart (large)</label>
		<description>Supplies blood and oxygen to all parts of the body. Ready to find a new owner.\n\nFits on animals with a mature body size of 1.3 or greater, but less than 2.4.</description>
		<statBases>
			<MarketValue>375</MarketValue>
			<Mass>2</Mass>
		</statBases>
	</ThingDef>

	<ThingDef ParentName="AnimalNaturalKidneyBase">
		<defName>AnimalNaturalKidneyLarge</defName>
		<label>animal kidney (large)</label>
		<description>Filters and removes waste products from the blood.\n\nFits on animals with a mature body size of 1.3 or greater, but less than 2.4.</description>
		<statBases>
			<MarketValue>187.5</MarketValue>
			<Mass>2</Mass>
		</statBases>
	</ThingDef>

	<ThingDef ParentName="AnimalNaturalLiverBase">
		<defName>AnimalNaturalLiverLarge</defName>
		<label>animal liver (large)</label>
		<description>Plays an important role in metabolism.\n\nFits on animals with a mature body size of 1.3 or greater, but less than 2.4.</description>
		<statBases>
			<MarketValue>375</MarketValue>
			<Mass>4</Mass>
		</statBases>
	</ThingDef>

	<ThingDef ParentName="AnimalNaturalLungBase">
		<defName>AnimalNaturalLungLarge</defName>
		<label>animal lung (large)</label>
		<description>Essential part of the respiratory system.\n\nFits on animals with a mature body size of 1.3 or greater, but less than 2.4.</description>
		<statBases>
			<MarketValue>300</MarketValue>
			<Mass>2</Mass>
		</statBases>
	</ThingDef>

	<!-- simple -->

	<ThingDef ParentName="AnimalSimpleLegBase">
		<defName>SimpleProstheticAnimalLegLarge</defName>
		<label>simple prosthetic animal leg (large)</label>
		<description>Simple prosthesis made to replace a missing leg. Not very comfortable but quite efficient.\n\nFits on animals with a mature body size of 1.3 or greater, but less than 2.4.</description>
		<statBases>
			<MarketValue>280</MarketValue>
			<Mass>16</Mass>
		</statBases>
	</ThingDef>

	<ThingDef ParentName="AnimalSimpleArmBase">
		<defName>SimpleProstheticAnimalArmLarge</defName>
		<label>simple prosthetic animal arm (large)</label>
		<description>Simple but durable arm prosthesis.\n\nFits on animals with a mature body size of 1.3 or greater, but less than 2.4.</description>
		<statBases>
			<MarketValue>280</MarketValue>
			<Mass>10</Mass>
		</statBases>
	</ThingDef>

	<!-- bionic -->

	<ThingDef ParentName="AnimalBionicEyeBase">
		<defName>BionicAnimalEyeLarge</defName>
		<label>bionic animal eye (large)</label>
		<description>Advanced piece of technology made not only to fully replace a natural eye, but also to give supernatural vision abilities.\n\nFits on animals with a mature body size of 1.3 or greater, but less than 2.4.</description>
		<statBases>
			<MarketValue>1050</MarketValue>
			<Mass>0.6</Mass>
		</statBases>
	</ThingDef>

	<ThingDef ParentName="AnimalBionicLegBase">
		<defName>BionicAnimalLegLarge</defName>
		<label>bionic animal leg (large)</label>
		<description>Bionic leg uses cutting-edge technology to give its owner extreme walking comfort and strength.\n\nFits on animals with a mature body size of 1.3 or greater, but less than 2.4.</description>
		<statBases>
			<MarketValue>1050</MarketValue>
			<Mass>16</Mass>
		</statBases>
	</ThingDef>

	<ThingDef ParentName="AnimalBionicArmBase">
		<defName>BionicAnimalArmLarge</defName>
		<label>bionic animal arm (large)</label>
		<description>One of the most sophisticated arm replacements. Gives extreme strength to its user.\n\nFits on animals with a mature body size of 1.3 or greater, but less than 2.4.</description>
		<statBases>
			<MarketValue>1050</MarketValue>
			<Mass>10</Mass>
		</statBases>
	</ThingDef>

	<!-- implant -->

	<ThingDef ParentName="AnimalPainstopperBase">
		<defName>AnimalPainstopperLarge</defName>
		<label>animal painstopper (large)</label>
		<description>This brain implant will make an animal not feel pain.\n\nFits on animals with a mature body size of 1.3 or greater, but less than 2.4.</description>
		<statBases>
			<MarketValue>700</MarketValue>
			<Mass>0.16</Mass>
		</statBases>
	</ThingDef>

</Defs>