<?xml version="1.0" encoding="UTF-8"?>
<Patch>

	<!-- small animals list:
	[defName="YorkshireTerrier" or defName="Raccoon" or defName="Monkey" or defName="Alphabeaver" or defName="Capybara" or defName="Tortoise" or @Name="ThingBaseFox" or defName="Turkey"]-->
	<Operation Class="PatchOperationSequence">
		<success>Always</success>
		<operations>
			<li Class="PatchOperationTest">
				<xpath>/Defs/ThingDef[defName="YorkshireTerrier" or defName="Raccoon" or defName="Monkey" or defName="Alphabeaver" or defName="Capybara" or defName="Tortoise" or @Name="ThingBaseFox" or defName="Turkey"]/recipes</xpath>
				<success>Invert</success>
			</li>
			<li Class="PatchOperationAdd">
				<xpath>/Defs/ThingDef[defName="YorkshireTerrier" or defName="Raccoon" or defName="Monkey" or defName="Alphabeaver" or defName="Capybara" or defName="Tortoise" or @Name="ThingBaseFox" or defName="Turkey"]</xpath>
				<value>
					<recipes/>
				</value>
			</li>
		</operations>
	</Operation>
	<Operation Class="PatchOperationAdd">
		<xpath>/Defs/ThingDef[defName="YorkshireTerrier" or defName="Raccoon" or defName="Monkey" or defName="Alphabeaver" or defName="Capybara" or defName="Tortoise" or @Name="ThingBaseFox" or defName="Turkey"]/recipes</xpath>
		<value>
			<li>InstallAnimalNaturalHeartSmall</li>
			<li>InstallAnimalNaturalKidneySmall</li>
			<li>InstallAnimalNaturalLiverSmall</li>
			<li>InstallAnimalNaturalLungSmall</li>
			<li>InstallAnimalDentureSmall</li>
			<li>InstallPegAnimalLegSmall</li>
			<li>InstallSimpleProstheticAnimalArmSmall</li>
			<li>InstallSimpleProstheticAnimalLegSmall</li>
			<li>InstallBionicAnimalArmSmall</li>
			<li>InstallBionicAnimalEyeSmall</li>
			<li>InstallAnimalPainstopperSmall</li>
		</value>
	</Operation>

	<!-- standard leg recipes -->
	<Operation Class="PatchOperationAdd">
		<xpath>/Defs/ThingDef[defName="YorkshireTerrier" or defName="Raccoon" or defName="Monkey" or defName="Alphabeaver" or defName="Capybara" or defName="Tortoise" or @Name="ThingBaseFox"]/recipes</xpath>
		<value>
			<li>InstallBionicAnimalLegSmallFront</li>
			<li>InstallBionicAnimalLegSmall</li>
		</value>
	</Operation>
	
	<!-- birdlike leg recipes -->
	<Operation Class="PatchOperationAdd">
		<xpath>/Defs/ThingDef[defName="Turkey"]/recipes</xpath>
		<value>
			<li>InstallBionicAnimalLegSmallBirdlike</li>
		</value>
	</Operation>

</Patch>