<?xml version="1.0" encoding="UTF-8"?>
<Patch>

	<Operation Class="PatchOperationSequence">
		<success>Always</success>
		<operations>
			<!-- twice as many animal parts as human parts to slightly compensate for the various size categories -->
			<li Class="PatchOperationAdd">
				<xpath>*/TraderKindDef[defName="Base_Outlander_Standard"]/stockGenerators</xpath>
				<value>
					<li Class="StockGenerator_Tag">
						<tradeTag>AnimalBodyPartOrImplant</tradeTag>
						<thingDefCountRange>
							<min>4</min>
							<max>8</max>
						</thingDefCountRange>
						<countRange>
							<min>1</min>
							<max>1</max>
						</countRange>
					</li>
				</value>
			</li>
			<li Class="PatchOperationAdd">
				<xpath>*/TraderKindDef[defName="Caravan_Outlander_Exotic"]/stockGenerators</xpath>
				<value>
					<li Class="StockGenerator_Tag">
						<tradeTag>AnimalBodyPartOrImplant</tradeTag>
						<thingDefCountRange>
							<min>6</min>
							<max>6</max>
						</thingDefCountRange>
						<countRange>
							<min>1</min>
							<max>1</max>
						</countRange>
					</li>
				</value>
			</li>
			<li Class="PatchOperationAdd">
				<xpath>*/TraderKindDef[defName="Orbital_Exotic"]/stockGenerators</xpath>
				<value>
					<li Class="StockGenerator_Tag">
						<tradeTag>AnimalBodyPartOrImplant</tradeTag>
						<thingDefCountRange>
							<min>6</min>
							<max>10</max>
						</thingDefCountRange>
						<countRange>
							<min>1</min>
							<max>1</max>
						</countRange>
					</li>
				</value>
			</li>
		</operations>
	</Operation>

</Patch>