<?xml version="1.0" encoding="UTF-8"?>
<Defs>

	<RecipeDef ParentName="SurgeryAnimalFlesh" Name="InstallBionicAnimalLegBase" Abstract="True">
		<label>install bionic leg</label>
		<description>Installs bionic leg.</description>
		<workerClass>Recipe_InstallArtificialBodyPart</workerClass>
		<jobString>Installing bionic leg.</jobString>
		<workAmount>2500</workAmount>
		<skillRequirements>
			<Medicine>5</Medicine>
		</skillRequirements>
		<appliedOnFixedBodyParts>
			<li>LeftLeg</li>
			<li>RightLeg</li>
			<li>MiddleLeftLeg</li>
			<li>MiddleRightLeg</li>
			<li>RearLeftLeg</li>
			<li>RearRightLeg</li>
			<li>MiddleLeftInsectLeg</li>
			<li>MiddleRightInsectLeg</li>
			<li>RearLeftInsectLeg</li>
			<li>RearRightInsectLeg</li>
		</appliedOnFixedBodyParts>
	</RecipeDef>

	<RecipeDef ParentName="InstallBionicAnimalLegBase">
		<defName>InstallBionicAnimalLegTiny</defName>
		<ingredients>
			<li>
				<filter>
					<categories>
						<li>Medicine</li>
					</categories>
				</filter>
				<count>1</count>
			</li>
			<li>
				<filter>
					<thingDefs>
						<li>BionicAnimalLegTiny</li>
					</thingDefs>
				</filter>
				<count>1</count>
			</li>
		</ingredients>
		<fixedIngredientFilter>
			<categories>
				<li>Medicine</li>
			</categories>
			<thingDefs>
				<li>BionicAnimalLegTiny</li>
			</thingDefs>
		</fixedIngredientFilter>
		<addsHediff>BionicAnimalLegTiny</addsHediff>
	</RecipeDef>

	<RecipeDef ParentName="InstallBionicAnimalLegBase">
		<defName>InstallBionicAnimalLegSmall</defName>
		<ingredients>
			<li>
				<filter>
					<categories>
						<li>Medicine</li>
					</categories>
				</filter>
				<count>1</count>
			</li>
			<li>
				<filter>
					<thingDefs>
						<li>BionicAnimalLegSmall</li>
					</thingDefs>
				</filter>
				<count>1</count>
			</li>
		</ingredients>
		<fixedIngredientFilter>
			<categories>
				<li>Medicine</li>
			</categories>
			<thingDefs>
				<li>BionicAnimalLegSmall</li>
			</thingDefs>
		</fixedIngredientFilter>
		<addsHediff>BionicAnimalLegSmall</addsHediff>
	</RecipeDef>

	<RecipeDef ParentName="InstallBionicAnimalLegBase">
		<defName>InstallBionicAnimalLegMedium</defName>
		<ingredients>
			<li>
				<filter>
					<categories>
						<li>Medicine</li>
					</categories>
				</filter>
				<count>2</count>
			</li>
			<li>
				<filter>
					<thingDefs>
						<li>BionicAnimalLegMedium</li>
					</thingDefs>
				</filter>
				<count>1</count>
			</li>
		</ingredients>
		<fixedIngredientFilter>
			<categories>
				<li>Medicine</li>
			</categories>
			<thingDefs>
				<li>BionicAnimalLegMedium</li>
			</thingDefs>
		</fixedIngredientFilter>
		<addsHediff>BionicAnimalLegMedium</addsHediff>
	</RecipeDef>

	<RecipeDef ParentName="InstallBionicAnimalLegBase">
		<defName>InstallBionicAnimalLegLarge</defName>
		<ingredients>
			<li>
				<filter>
					<categories>
						<li>Medicine</li>
					</categories>
				</filter>
				<count>3</count>
			</li>
			<li>
				<filter>
					<thingDefs>
						<li>BionicAnimalLegLarge</li>
					</thingDefs>
				</filter>
				<count>1</count>
			</li>
		</ingredients>
		<fixedIngredientFilter>
			<categories>
				<li>Medicine</li>
			</categories>
			<thingDefs>
				<li>BionicAnimalLegLarge</li>
			</thingDefs>
		</fixedIngredientFilter>
		<addsHediff>BionicAnimalLegLarge</addsHediff>
	</RecipeDef>

	<RecipeDef ParentName="InstallBionicAnimalLegBase">
		<defName>InstallBionicAnimalLegHuge</defName>
		<ingredients>
			<li>
				<filter>
					<categories>
						<li>Medicine</li>
					</categories>
				</filter>
				<count>5</count>
			</li>
			<li>
				<filter>
					<thingDefs>
						<li>BionicAnimalLegHuge</li>
					</thingDefs>
				</filter>
				<count>1</count>
			</li>
		</ingredients>
		<fixedIngredientFilter>
			<categories>
				<li>Medicine</li>
			</categories>
			<thingDefs>
				<li>BionicAnimalLegHuge</li>
			</thingDefs>
		</fixedIngredientFilter>
		<addsHediff>BionicAnimalLegHuge</addsHediff>
	</RecipeDef>

	<!-- front legs -->

	<RecipeDef ParentName="SurgeryFlesh" Name="InstallBionicAnimalLegFrontBase" Abstract="True">
		<label>install bionic leg</label>
		<description>Installs bionic leg.</description>
		<workerClass>Recipe_InstallArtificialBodyPart</workerClass>
		<jobString>Installing bionic leg.</jobString>
		<workAmount>2500</workAmount>
		<skillRequirements>
			<Medicine>5</Medicine>
		</skillRequirements>
		<appliedOnFixedBodyParts>
			<li>FrontLeftLeg</li>
			<li>FrontRightLeg</li>
			<li>FrontLeftInsectLeg</li>
			<li>FrontRightInsectLeg</li>
		</appliedOnFixedBodyParts>
	</RecipeDef>

	<RecipeDef ParentName="InstallBionicAnimalLegFrontBase">
		<defName>InstallBionicAnimalLegTinyFront</defName>
		<ingredients>
			<li>
				<filter>
					<categories>
						<li>Medicine</li>
					</categories>
				</filter>
				<count>1</count>
			</li>
			<li>
				<filter>
					<thingDefs>
						<li>BionicAnimalLegTiny</li>
					</thingDefs>
				</filter>
				<count>1</count>
			</li>
		</ingredients>
		<fixedIngredientFilter>
			<categories>
				<li>Medicine</li>
			</categories>
			<thingDefs>
				<li>BionicAnimalLegTiny</li>
			</thingDefs>
		</fixedIngredientFilter>
		<addsHediff>BionicAnimalLegTinyFront</addsHediff>
	</RecipeDef>

	<RecipeDef ParentName="InstallBionicAnimalLegFrontBase">
		<defName>InstallBionicAnimalLegSmallFront</defName>
		<ingredients>
			<li>
				<filter>
					<categories>
						<li>Medicine</li>
					</categories>
				</filter>
				<count>1</count>
			</li>
			<li>
				<filter>
					<thingDefs>
						<li>BionicAnimalLegSmall</li>
					</thingDefs>
				</filter>
				<count>1</count>
			</li>
		</ingredients>
		<fixedIngredientFilter>
			<categories>
				<li>Medicine</li>
			</categories>
			<thingDefs>
				<li>BionicAnimalLegSmall</li>
			</thingDefs>
		</fixedIngredientFilter>
		<addsHediff>BionicAnimalLegSmallFront</addsHediff>
	</RecipeDef>

	<RecipeDef ParentName="InstallBionicAnimalLegFrontBase">
		<defName>InstallBionicAnimalLegMediumFront</defName>
		<ingredients>
			<li>
				<filter>
					<categories>
						<li>Medicine</li>
					</categories>
				</filter>
				<count>2</count>
			</li>
			<li>
				<filter>
					<thingDefs>
						<li>BionicAnimalLegMedium</li>
					</thingDefs>
				</filter>
				<count>1</count>
			</li>
		</ingredients>
		<fixedIngredientFilter>
			<categories>
				<li>Medicine</li>
			</categories>
			<thingDefs>
				<li>BionicAnimalLegMedium</li>
			</thingDefs>
		</fixedIngredientFilter>
		<addsHediff>BionicAnimalLegMediumFront</addsHediff>
	</RecipeDef>

	<RecipeDef ParentName="InstallBionicAnimalLegFrontBase">
		<defName>InstallBionicAnimalLegLargeFront</defName>
		<ingredients>
			<li>
				<filter>
					<categories>
						<li>Medicine</li>
					</categories>
				</filter>
				<count>3</count>
			</li>
			<li>
				<filter>
					<thingDefs>
						<li>BionicAnimalLegLarge</li>
					</thingDefs>
				</filter>
				<count>1</count>
			</li>
		</ingredients>
		<fixedIngredientFilter>
			<categories>
				<li>Medicine</li>
			</categories>
			<thingDefs>
				<li>BionicAnimalLegLarge</li>
			</thingDefs>
		</fixedIngredientFilter>
		<addsHediff>BionicAnimalLegMediumFront</addsHediff>
	</RecipeDef>

	<RecipeDef ParentName="InstallBionicAnimalLegFrontBase">
		<defName>InstallBionicAnimalLegHugeFront</defName>
		<ingredients>
			<li>
				<filter>
					<categories>
						<li>Medicine</li>
					</categories>
				</filter>
				<count>5</count>
			</li>
			<li>
				<filter>
					<thingDefs>
						<li>BionicAnimalLegHuge</li>
					</thingDefs>
				</filter>
				<count>1</count>
			</li>
		</ingredients>
		<fixedIngredientFilter>
			<categories>
				<li>Medicine</li>
			</categories>
			<thingDefs>
				<li>BionicAnimalLegHuge</li>
			</thingDefs>
		</fixedIngredientFilter>
		<addsHediff>BionicAnimalLegHugeFront</addsHediff>
	</RecipeDef>

	<!-- birdlike legs -->

	<RecipeDef ParentName="SurgeryFlesh" Name="InstallBionicAnimalLegBirdlikeBase" Abstract="True">
		<label>install bionic leg</label>
		<description>Installs bionic leg.</description>
		<workerClass>Recipe_InstallArtificialBodyPart</workerClass>
		<jobString>Installing bionic leg.</jobString>
		<workAmount>2500</workAmount>
		<skillRequirements>
			<Medicine>5</Medicine>
		</skillRequirements>
		<appliedOnFixedBodyParts>
			<li>LeftLeg</li>
			<li>RightLeg</li>
		</appliedOnFixedBodyParts>
	</RecipeDef>

	<RecipeDef ParentName="InstallBionicAnimalLegBirdlikeBase">
		<defName>InstallBionicAnimalLegTinyBirdlike</defName>
		<ingredients>
			<li>
				<filter>
					<categories>
						<li>Medicine</li>
					</categories>
				</filter>
				<count>1</count>
			</li>
			<li>
				<filter>
					<thingDefs>
						<li>BionicAnimalLegTiny</li>
					</thingDefs>
				</filter>
				<count>1</count>
			</li>
		</ingredients>
		<fixedIngredientFilter>
			<categories>
				<li>Medicine</li>
			</categories>
			<thingDefs>
				<li>BionicAnimalLegTiny</li>
			</thingDefs>
		</fixedIngredientFilter>
		<addsHediff>BionicAnimalLegTinyFront</addsHediff>
	</RecipeDef>

	<RecipeDef ParentName="InstallBionicAnimalLegBirdlikeBase">
		<defName>InstallBionicAnimalLegSmallBirdlike</defName>
		<ingredients>
			<li>
				<filter>
					<categories>
						<li>Medicine</li>
					</categories>
				</filter>
				<count>1</count>
			</li>
			<li>
				<filter>
					<thingDefs>
						<li>BionicAnimalLegSmall</li>
					</thingDefs>
				</filter>
				<count>1</count>
			</li>
		</ingredients>
		<fixedIngredientFilter>
			<categories>
				<li>Medicine</li>
			</categories>
			<thingDefs>
				<li>BionicAnimalLegSmall</li>
			</thingDefs>
		</fixedIngredientFilter>
		<addsHediff>BionicAnimalLegSmallFront</addsHediff>
	</RecipeDef>

	<RecipeDef ParentName="InstallBionicAnimalLegBirdlikeBase">
		<defName>InstallBionicAnimalLegMediumBirdlike</defName>
		<ingredients>
			<li>
				<filter>
					<categories>
						<li>Medicine</li>
					</categories>
				</filter>
				<count>2</count>
			</li>
			<li>
				<filter>
					<thingDefs>
						<li>BionicAnimalLegMedium</li>
					</thingDefs>
				</filter>
				<count>1</count>
			</li>
		</ingredients>
		<fixedIngredientFilter>
			<categories>
				<li>Medicine</li>
			</categories>
			<thingDefs>
				<li>BionicAnimalLegMedium</li>
			</thingDefs>
		</fixedIngredientFilter>
		<addsHediff>BionicAnimalLegMediumFront</addsHediff>
	</RecipeDef>

	<RecipeDef ParentName="InstallBionicAnimalLegBirdlikeBase">
		<defName>InstallBionicAnimalLegLargeBirdlike</defName>
		<ingredients>
			<li>
				<filter>
					<categories>
						<li>Medicine</li>
					</categories>
				</filter>
				<count>3</count>
			</li>
			<li>
				<filter>
					<thingDefs>
						<li>BionicAnimalLegLarge</li>
					</thingDefs>
				</filter>
				<count>1</count>
			</li>
		</ingredients>
		<fixedIngredientFilter>
			<categories>
				<li>Medicine</li>
			</categories>
			<thingDefs>
				<li>BionicAnimalLegLarge</li>
			</thingDefs>
		</fixedIngredientFilter>
		<addsHediff>BionicAnimalLegMediumFront</addsHediff>
	</RecipeDef>

	<RecipeDef ParentName="InstallBionicAnimalLegBirdlikeBase">
		<defName>InstallBionicAnimalLegHugeBirdlike</defName>
		<ingredients>
			<li>
				<filter>
					<categories>
						<li>Medicine</li>
					</categories>
				</filter>
				<count>5</count>
			</li>
			<li>
				<filter>
					<thingDefs>
						<li>BionicAnimalLegHuge</li>
					</thingDefs>
				</filter>
				<count>1</count>
			</li>
		</ingredients>
		<fixedIngredientFilter>
			<categories>
				<li>Medicine</li>
			</categories>
			<thingDefs>
				<li>BionicAnimalLegHuge</li>
			</thingDefs>
		</fixedIngredientFilter>
		<addsHediff>BionicAnimalLegHugeFront</addsHediff>
	</RecipeDef>

</Defs>