<?xml version="1.0" encoding="UTF-8"?>
<Defs>

	<RecipeDef ParentName="SurgeryAnimalFlesh" Name="InstallBionicAnimalEyeBase" Abstract="True">
		<label>install bionic eye</label>
		<description>Installs bionic eye.</description>
		<workerClass>Recipe_InstallArtificialBodyPart</workerClass>
		<jobString>Installing bionic eye.</jobString>
		<workAmount>3500</workAmount>
		<surgerySuccessChanceFactor>0.85</surgerySuccessChanceFactor>
		<deathOnFailedSurgeryChance>0.1</deathOnFailedSurgeryChance>
		<skillRequirements>
			<Medicine>7</Medicine>
		</skillRequirements>
		<appliedOnFixedBodyParts>
			<li>LeftEye</li>
			<li>RightEye</li>
		</appliedOnFixedBodyParts>
	</RecipeDef>

	<RecipeDef ParentName="InstallBionicAnimalEyeBase">
		<defName>InstallBionicAnimalEyeTiny</defName>
		<ingredients>
			<li>
				<filter>
					<categories>
						<li>Medicine</li>
					</categories>
				</filter>
				<count>1</count>
			</li>
			<li>
				<filter>
					<thingDefs>
						<li>BionicAnimalEyeTiny</li>
					</thingDefs>
				</filter>
				<count>1</count>
			</li>
		</ingredients>
		<fixedIngredientFilter>
			<categories>
				<li>Medicine</li>
			</categories>
			<thingDefs>
				<li>BionicAnimalEyeTiny</li>
			</thingDefs>
		</fixedIngredientFilter>
		<addsHediff>BionicAnimalEyeTiny</addsHediff>
	</RecipeDef>

	<RecipeDef ParentName="InstallBionicAnimalEyeBase">
		<defName>InstallBionicAnimalEyeSmall</defName>
		<ingredients>
			<li>
				<filter>
					<categories>
						<li>Medicine</li>
					</categories>
				</filter>
				<count>2</count>
			</li>
			<li>
				<filter>
					<thingDefs>
						<li>BionicAnimalEyeSmall</li>
					</thingDefs>
				</filter>
				<count>1</count>
			</li>
		</ingredients>
		<fixedIngredientFilter>
			<categories>
				<li>Medicine</li>
			</categories>
			<thingDefs>
				<li>BionicAnimalEyeSmall</li>
			</thingDefs>
		</fixedIngredientFilter>
		<addsHediff>BionicAnimalEyeSmall</addsHediff>
	</RecipeDef>

	<RecipeDef ParentName="InstallBionicAnimalEyeBase">
		<defName>InstallBionicAnimalEyeMedium</defName>
		<ingredients>
			<li>
				<filter>
					<categories>
						<li>Medicine</li>
					</categories>
				</filter>
				<count>3</count>
			</li>
			<li>
				<filter>
					<thingDefs>
						<li>BionicAnimalEyeMedium</li>
					</thingDefs>
				</filter>
				<count>1</count>
			</li>
		</ingredients>
		<fixedIngredientFilter>
			<categories>
				<li>Medicine</li>
			</categories>
			<thingDefs>
				<li>BionicAnimalEyeMedium</li>
			</thingDefs>
		</fixedIngredientFilter>
		<addsHediff>BionicAnimalEyeMedium</addsHediff>
	</RecipeDef>

	<RecipeDef ParentName="InstallBionicAnimalEyeBase">
		<defName>InstallBionicAnimalEyeLarge</defName>
		<ingredients>
			<li>
				<filter>
					<categories>
						<li>Medicine</li>
					</categories>
				</filter>
				<count>5</count>
			</li>
			<li>
				<filter>
					<thingDefs>
						<li>BionicAnimalEyeLarge</li>
					</thingDefs>
				</filter>
				<count>1</count>
			</li>
		</ingredients>
		<fixedIngredientFilter>
			<categories>
				<li>Medicine</li>
			</categories>
			<thingDefs>
				<li>BionicAnimalEyeLarge</li>
			</thingDefs>
		</fixedIngredientFilter>
		<addsHediff>BionicAnimalEyeLarge</addsHediff>
	</RecipeDef>

	<RecipeDef ParentName="InstallBionicAnimalEyeBase">
		<defName>InstallBionicAnimalEyeHuge</defName>
		<ingredients>
			<li>
				<filter>
					<categories>
						<li>Medicine</li>
					</categories>
				</filter>
				<count>8</count>
			</li>
			<li>
				<filter>
					<thingDefs>
						<li>BionicAnimalEyeHuge</li>
					</thingDefs>
				</filter>
				<count>1</count>
			</li>
		</ingredients>
		<fixedIngredientFilter>
			<categories>
				<li>Medicine</li>
			</categories>
			<thingDefs>
				<li>BionicAnimalEyeHuge</li>
			</thingDefs>
		</fixedIngredientFilter>
		<addsHediff>BionicAnimalEyeHuge</addsHediff>
	</RecipeDef>

</Defs>